1.0
Ankylomyrma_coronacantha	Ankylomyrma	1
Tatuidris_tatusia	Tatuidris	1
Adetomyrma_bressleri	Stigmatomma_sl	0.27
Adetomyrma_caputleae	Stigmatomma_sl	0.27
Amblyopone_australis	Amblyopone	0.2
Amblyopone_longidens	Amblyopone	0.2
Apomyrma_stygia	Apomyrma	1
Fulakora_armigera	Fulakora	0.24
Fulakora_cleae	Fulakora	0.24
Fulakora_elongata	Fulakora	0.24
Fulakora_minima	Fulakora	0.24
Fulakora_mystriops	Fulakora	0.24
Fulakora_saundersi	Fulakora	0.24
Myopopone_castanea	Stigmatomma_sl	0.27
Mystrium_barrybressleri	Stigmatomma_sl	0.27
Mystrium_camillae	Stigmatomma_sl	0.27
Mystrium_janovitzi	Stigmatomma_sl	0.27
Mystrium_mirror	Stigmatomma_sl	0.27
Mystrium_mysticum	Stigmatomma_sl	0.27
Mystrium_oberthueri	Stigmatomma_sl	0.27
Mystrium_rogeri	Stigmatomma_sl	0.27
Mystrium_shadow	Stigmatomma_sl	0.27
Mystrium_voeltzkowi	Stigmatomma_sl	0.27
Onychomyrmex_hedleyi	Onychomyrmex	0.25
Prionopelta_amabilis	Prionopelta	0.14
Prionopelta_concenta	Prionopelta	0.14
Prionopelta_subtilis	Prionopelta	0.14
Stigmatomma_bellii	Stigmatomma_sl	0.27
Stigmatomma_boltoni	Stigmatomma_sl	0.27
Stigmatomma_denticulatum	Stigmatomma_sl	0.27
Stigmatomma_oregonense	Stigmatomma_sl	0.27
Stigmatomma_pallipes	Stigmatomma_sl	0.27
Stigmatomma_scrobiceps	Stigmatomma_sl	0.27
Stigmatomma_silvestrii	Stigmatomma_sl	0.27
Stigmatomma_zwaluwenburgi	Stigmatomma_sl	0.27
Xymmer_muticus	Stigmatomma_sl	0.27
Aneuretus_simoni	Aneuretus	1
Anonychomyrma_gilberti	Anonychomyrma	0.12
Anonychomyrma_itinerans	Anonychomyrma	0.12
Anonychomyrma_nitidiceps	Anonychomyrma	0.12
Axinidris_mlalu	Axinidris	0.1
Axinidris_murielae	Axinidris	0.1
Azteca_beltii	Azteca	0.08
Azteca_instabilis	Azteca	0.08
Azteca_oecocordia	Azteca	0.08
Azteca_ovaticeps	Azteca	0.08
Azteca_pittieri	Azteca	0.08
Azteca_quadraticeps	Azteca	0.08
Azteca_schimperi	Azteca	0.08
Ravavy_miafina	Ravavy	1
Bothriomyrmex_meridionalis	Bothriomyrmex	0.12
Bothriomyrmex_paradoxus	Bothriomyrmex	0.12
Bothriomyrmex_saundersi	Bothriomyrmex	0.12
Chronoxenus_wroughtonii	Chronoxenus	0.17
Doleromyrma_darwiniana	Doleromyrma	0.5
Dolichoderus_debilis	Dolichoderus	0.05
Dolichoderus_decollatus	Dolichoderus	0.05
Dolichoderus_erectilobus	Dolichoderus	0.05
Dolichoderus_imitator	Dolichoderus	0.05
Dolichoderus_lamellosus	Dolichoderus	0.05
Dolichoderus_pustulatus	Dolichoderus	0.05
Dolichoderus_scabridus	Dolichoderus	0.05
Dorymyrmex_bicolor	Dorymyrmex	0.07
Dorymyrmex_elegans	Dorymyrmex	0.07
Dorymyrmex_grandulus	Dorymyrmex	0.07
Dorymyrmex_planidens	Dorymyrmex	0.07
Forelius_chalybaeus	Forelius	0.11
Forelius_pruinosus	Forelius	0.11
Froggattella_kirbii	Froggattella	1
Froggattella_latispina	Froggattella	1
Gracilidris_pombero	Gracilidris	1
Iridomyrmex_pallidus	Iridomyrmex	0.05
Iridomyrmex_purpureus	Iridomyrmex	0.05
Iridomyrmex_sanguineus	Iridomyrmex	0.05
Iridomyrmex_spadius	Iridomyrmex	0.05
Leptomyrmex_burwelli	Leptomyrmex	0.82
Leptomyrmex_cnemidatus	Leptomyrmex	0.82
Leptomyrmex_darlingtoni	Leptomyrmex	0.82
Leptomyrmex_dolichoscapus	Leptomyrmex	0.82
Leptomyrmex_erythrocephalus	Leptomyrmex	0.82
Leptomyrmex_flavitarsus	Leptomyrmex	0.82
Leptomyrmex_fragilis	Leptomyrmex	0.82
Leptomyrmex_garretti	Leptomyrmex	0.82
Leptomyrmex_geniculatus	Leptomyrmex	0.82
Leptomyrmex_mjobergi	Leptomyrmex	0.82
Leptomyrmex_niger	Leptomyrmex	0.82
Leptomyrmex_nigriceps	Leptomyrmex	0.82
Leptomyrmex_nigriventris	Leptomyrmex	0.82
Leptomyrmex_pallens	Leptomyrmex	0.82
Leptomyrmex_puberulus	Leptomyrmex	0.82
Leptomyrmex_rothneyi	Leptomyrmex	0.82
Leptomyrmex_ruficeps	Leptomyrmex	0.82
Leptomyrmex_rufipes	Leptomyrmex	0.82
Leptomyrmex_rufithorax	Leptomyrmex	0.82
Leptomyrmex_tibialis	Leptomyrmex	0.82
Leptomyrmex_unicolor	Leptomyrmex	0.82
Leptomyrmex_varians	Leptomyrmex	0.82
Leptomyrmex_wiburdi	Leptomyrmex	0.82
Linepithema_anathema	Linepithema	0.8
Linepithema_angulatum	Linepithema	0.8
Linepithema_aztecoides	Linepithema	0.8
Linepithema_cerradense	Linepithema	0.8
Linepithema_cryptobioticum	Linepithema	0.8
Linepithema_dispertitum	Linepithema	0.8
Linepithema_gallardoi	Linepithema	0.8
Linepithema_humile	Linepithema	0.8
Linepithema_iniquum	Linepithema	0.8
Linepithema_keiteli	Linepithema	0.8
Linepithema_micans	Linepithema	0.8
Linepithema_neotropicum	Linepithema	0.8
Linepithema_oblongum	Linepithema	0.8
Linepithema_piliferum	Linepithema	0.8
Linepithema_pulex	Linepithema	0.8
Linepithema_tsachila	Linepithema	0.8
Liometopum_apiculatum	Liometopum	0.43
Liometopum_luctuosum	Liometopum	0.43
Liometopum_occidentale	Liometopum	0.43
Loweriella_boltoni	Loweriella	1
Nebothriomyrmex_majeri	Nebothriomyrmex	1
Ochetellus_glaber	Ochetellus	0.14
Papyrius_nitidus	Papyrius	0.5
Philidris_cordata	Philidris	0.11
Tapinoma_erraticum	Tapinoma	0.09
Tapinoma_melanocephalum	Tapinoma	0.09
Tapinoma_nigerrimum	Tapinoma	0.09
Tapinoma_opacum	Tapinoma	0.09
Tapinoma_sessile	Tapinoma	0.09
Tapinoma_subtile	Tapinoma	0.09
Aptinoma_antongil	Aptinoma	1
Aptinoma_mangabe	Aptinoma	1
Technomyrmex_albipes	Technomyrmex	0.11
Technomyrmex_anterops	Technomyrmex	0.11
Technomyrmex_difficilis	Technomyrmex	0.11
Technomyrmex_fisheri	Technomyrmex	0.11
Technomyrmex_innocens	Technomyrmex	0.11
Technomyrmex_madecassus	Technomyrmex	0.11
Technomyrmex_mayri	Technomyrmex	0.11
Technomyrmex_pallipes	Technomyrmex	0.11
Technomyrmex_vitiensis	Technomyrmex	0.11
Technomyrmex_voeltzkowi	Technomyrmex	0.11
Turneria_bidentata	Turneria	0.12
Acanthostichus_brevicornis	Acanthostichus	0.22
Acanthostichus_davisi	Acanthostichus	0.22
Acanthostichus_kirbyi	Acanthostichus	0.22
Acanthostichus_punctiscapus	Acanthostichus	0.22
Acanthostichus_quadratus	Acanthostichus	0.22
Aenictus_aratus	Aenictus	0.03
Aenictus_ceylonicus	Aenictus	0.03
Aenictus_eugenii	Aenictus	0.03
Aenictus_laeviceps	Aenictus	0.03
Aenictus_rotundatus	Aenictus	0.03
Aenictus_turneri	Aenictus	0.03
Cerapachys_jacobsoni	Cerapachys	0.2
Cheliomyrmex_andicola	Cheliomyrmex	0.25
Chrysapace_sauteri	Chrysapace	0.33
Cylindromyrmex_meinerti	Cylindromyrmex	0.2
Cylindromyrmex_striatus	Cylindromyrmex	0.2
Dorylus_affinis	Dorylus	0.25
Dorylus_braunsi	Dorylus	0.25
Dorylus_conradti	Dorylus	0.25
Dorylus_emeryi	Dorylus	0.25
Dorylus_fimbriatus	Dorylus	0.25
Dorylus_fulvus	Dorylus	0.25
Dorylus_gribodoi	Dorylus	0.25
Dorylus_helvolus	Dorylus	0.25
Dorylus_kohli	Dorylus	0.25
Dorylus_laevigatus	Dorylus	0.25
Dorylus_mayri	Dorylus	0.25
Dorylus_nigricans	Dorylus	0.25
Dorylus_orientalis	Dorylus	0.25
Dorylus_spininodis	Dorylus	0.25
Dorylus_wilverthi	Dorylus	0.25
Eciton_burchellii	Eciton	0.42
Eciton_dulcium	Eciton	0.42
Eciton_hamatum	Eciton	0.42
Eciton_mexicanum	Eciton	0.42
Eciton_vagans	Eciton	0.42
Labidus_coecus	Labidus	0.33
Labidus_praedator	Labidus	0.33
Labidus_spininodis	Labidus_spininodis	1
Leptanilloides_chihuahuaensis	Leptanilloides	0.42
Leptanilloides_copalinga	Leptanilloides	0.42
Leptanilloides_femoralis	Leptanilloides	0.42
Leptanilloides_gracilis	Leptanilloides	0.42
Leptanilloides_mckennae	Leptanilloides	0.42
Leptanilloides_nomada	Leptanilloides	0.42
Leptanilloides_nubecula	Leptanilloides	0.42
Leptanilloides_prometea	Leptanilloides	0.42
Lioponera_brevis	Lioponera	0.08
Lioponera_clarus	Lioponera	0.08
Lioponera_foreli	Lioponera	0.08
Lioponera_larvata	Lioponera	0.08
Lioponera_nkomoensis	Lioponera	0.08
Lioponera_suscitata	Lioponera	0.08
Neivamyrmex_angustinodis	Neivamyrmex	0.08
Neivamyrmex_gibbatus	Neivamyrmex	0.08
Neivamyrmex_halidaii	Neivamyrmex	0.08
Neivamyrmex_nigrescens	Neivamyrmex	0.08
Neivamyrmex_opacithorax	Neivamyrmex	0.08
Neivamyrmex_pilosus	Neivamyrmex	0.08
Neivamyrmex_postcarinatus	Neivamyrmex	0.08
Neivamyrmex_pseudops	Neivamyrmex	0.08
Neivamyrmex_romandii	Neivamyrmex	0.08
Neivamyrmex_swainsonii	Neivamyrmex	0.08
Neocerapachys_splendens	Neocerapachys	0.5
Nomamyrmex_esenbeckii	Nomamyrmex	1
Nomamyrmex_hartigii	Nomamyrmex	1
Ooceraea_australis	Ooceraea	0.27
Ooceraea_biroi	Ooceraea	0.27
Ooceraea_fragosa	Ooceraea	0.27
Parasyscia_desposyne	Parasyscia	0.06
Parasyscia_dohertyi	Parasyscia	0.06
Parasyscia_sylvicola	Parasyscia	0.06
Simopone_conradti	Simopone	0.26
Simopone_dignita	Simopone	0.26
Simopone_dryas	Simopone	0.26
Simopone_elegans	Simopone	0.26
Simopone_fulvinodis	Simopone	0.26
Simopone_latiscapa	Simopone	0.26
Simopone_marleyi	Simopone	0.26
Simopone_nonnihil	Simopone	0.26
Simopone_oculata	Simopone	0.26
Simopone_trita	Simopone	0.26
Sphinctomyrmex_stali	Sphinctomyrmex	0.33
Syscia_augustae	Syscia	0.4
Syscia_typhla	Syscia	0.4
Tanipone_aglandula	Tanipone	0.4
Tanipone_hirsuta	Tanipone	0.4
Tanipone_scelesta	Tanipone	0.4
Tanipone_zona	Tanipone	0.4
Vicinopone_conciliatrix	Vicinopone	1
Yunodorylus_paradoxus	Yunodorylus	0.5
Yunodorylus_sexspinus	Yunodorylus	0.5
Zasphinctus_steinheili	Zasphinctus	0.05
Ectatomma_brunneum	Ectatomma	0.67
Ectatomma_edentatum	Ectatomma	0.67
Ectatomma_gibbum	Ectatomma	0.67
Ectatomma_lugens	Ectatomma	0.67
Ectatomma_opaciventre	Ectatomma	0.67
Ectatomma_parasiticum	Ectatomma	0.67
Ectatomma_permagnum	Ectatomma	0.67
Ectatomma_ruidum	Ectatomma	0.67
Ectatomma_tuberculatum	Ectatomma	0.67
Ectatomma_vizottoi	Ectatomma	0.67
Gnamptogenys_striatula	Gnamptogenys	0.01
Rhytidoponera_chalybaea	Rhytidoponera	0.02
Rhytidoponera_metallica	Rhytidoponera	0.02
Typhlomyrmex_rogenhoferi	Typhlomyrmex	0.14
Calomyrmex_albertisi	Camponotus_sl	0.09
Calomyrmex_laevissimus	Camponotus_sl	0.09
Camponotus_aeneopilosus	Camponotus_sl	0.09
Camponotus_afflatus	Camponotus_sl	0.09
Camponotus_albicoxis	Camponotus_sl	0.09
Camponotus_americanus	Camponotus_sl	0.09
Camponotus_aurocinctus	Camponotus_sl	0.09
Camponotus_aurosus	Camponotus_sl	0.09
Camponotus_castaneus	Camponotus_sl	0.09
Camponotus_christi	Camponotus_sl	0.09
Camponotus_claripes	Camponotus_sl	0.09
Camponotus_clarithorax	Camponotus_sl	0.09
Camponotus_claviscapus	Camponotus_sl	0.09
Camponotus_compressus	Camponotus_sl	0.09
Camponotus_concolor	Camponotus_sl	0.09
Camponotus_consobrinus	Camponotus_sl	0.09
Camponotus_crozieri	Camponotus_sl	0.09
Camponotus_darwinii	Camponotus_sl	0.09
Camponotus_densopilus	Camponotus_sl	0.09
Camponotus_dimorphus	Camponotus_sl	0.09
Camponotus_discors	Camponotus_sl	0.09
Camponotus_dromas	Camponotus_sl	0.09
Camponotus_dufouri	Camponotus_sl	0.09
Camponotus_echinoploides	Camponotus_sl	0.09
Camponotus_edmondi	Camponotus_sl	0.09
Camponotus_ellioti	Camponotus_sl	0.09
Camponotus_eperiamorum	Camponotus_sl	0.09
Camponotus_ethicus	Camponotus_sl	0.09
Camponotus_fellah	Camponotus_sl	0.09
Camponotus_fieldeae	Camponotus_sl	0.09
Camponotus_gibbinotus	Camponotus_sl	0.09
Camponotus_gouldi	Camponotus_sl	0.09
Camponotus_gouldianus	Camponotus_sl	0.09
Camponotus_grandidieri	Camponotus_sl	0.09
Camponotus_hagensii	Camponotus_sl	0.09
Camponotus_hartogi	Camponotus_sl	0.09
Camponotus_herculeanus	Camponotus_sl	0.09
Camponotus_heteroclitus	Camponotus_sl	0.09
Camponotus_hildebrandti	Camponotus_sl	0.09
Camponotus_hova	Camponotus_sl	0.09
Camponotus_humilior	Camponotus_sl	0.09
Camponotus_hyatti	Camponotus_sl	0.09
Camponotus_imitator	Camponotus_sl	0.09
Camponotus_inflatus	Camponotus_sl	0.09
Camponotus_integellus	Camponotus_sl	0.09
Camponotus_intrepidus	Camponotus_sl	0.09
Camponotus_janeti	Camponotus_sl	0.09
Camponotus_johnclarki	Camponotus_sl	0.09
Camponotus_laevigatus	Camponotus_sl	0.09
Camponotus_latangulus	Camponotus_sl	0.09
Camponotus_loweryi	Camponotus_sl	0.09
Camponotus_mackayensis	Camponotus_sl	0.09
Camponotus_maculatus	Camponotus_sl	0.09
Camponotus_maritimus	Camponotus_sl	0.09
Camponotus_mocquerysi	Camponotus_sl	0.09
Camponotus_modoc	Camponotus_sl	0.09
Camponotus_mussolinii	Camponotus_sl	0.09
Camponotus_nasicus	Camponotus_sl	0.09
Camponotus_nearcticus	Camponotus_sl	0.09
Camponotus_nigriceps	Camponotus_sl	0.09
Camponotus_nossibeensis	Camponotus_sl	0.09
Camponotus_novaehollandiae	Camponotus_sl	0.09
Camponotus_novogranadensis	Camponotus_sl	0.09
Camponotus_ocreatus	Camponotus_sl	0.09
Camponotus_parius	Camponotus_sl	0.09
Camponotus_pawseyi	Camponotus_sl	0.09
Camponotus_pennsylvanicus	Camponotus_sl	0.09
Camponotus_perjurus	Camponotus_sl	0.09
Camponotus_planatus	Camponotus_sl	0.09
Camponotus_posteropilus	Camponotus_sl	0.09
Camponotus_prosseri	Camponotus_sl	0.09
Camponotus_prostans	Camponotus_sl	0.09
Camponotus_quadrimaculatus	Camponotus_sl	0.09
Camponotus_quercicola	Camponotus_sl	0.09
Camponotus_rectangularis	Camponotus_sl	0.09
Camponotus_renggeri	Camponotus_sl	0.09
Camponotus_repens	Camponotus_sl	0.09
Camponotus_robustus	Camponotus_sl	0.09
Camponotus_roeseli	Camponotus_sl	0.09
Camponotus_rufipes	Camponotus_sl	0.09
Camponotus_rufus	Camponotus_sl	0.09
Camponotus_sanctaefidei	Camponotus_sl	0.09
Camponotus_scotti	Camponotus_sl	0.09
Camponotus_semitestaceus	Camponotus_sl	0.09
Camponotus_sericeus	Camponotus_sl	0.09
Camponotus_setosus	Camponotus_sl	0.09
Camponotus_suffusus	Camponotus_sl	0.09
Camponotus_terebrans	Camponotus_sl	0.09
Camponotus_thadeus	Camponotus_sl	0.09
Camponotus_tortuganus	Camponotus_sl	0.09
Camponotus_tricoloratus	Camponotus_sl	0.09
Camponotus_vicinus	Camponotus_sl	0.09
Camponotus_voeltzkowii	Camponotus_sl	0.09
Camponotus_whitei	Camponotus_sl	0.09
Camponotus_wiederkehri	Camponotus_sl	0.09
Colobopsis_anderseni	Colobopsis	0.07
Colobopsis_conithorax	Colobopsis	0.07
Colobopsis_gasseri	Colobopsis	0.07
Colobopsis_papago	Colobopsis	0.07
Colobopsis_saundersi	Colobopsis	0.07
Colobopsis_vitiensis	Colobopsis	0.07
Colobopsis_vitrea	Camponotus_sl	0.09
Dinomyrmex_gigas	Dinomyrmex	1
Echinopla_australis	Camponotus_sl	0.09
Opisthopsis_haddoni	Opisthopsis	0.15
Opisthopsis_respiciens	Opisthopsis	0.15
Polyrhachis_abbreviata	Polyrhachis	0.12
Polyrhachis_abdominalis	Polyrhachis	0.12
Polyrhachis_ammon	Polyrhachis	0.12
Polyrhachis_anderseni	Polyrhachis	0.12
Polyrhachis_andromache	Polyrhachis	0.12
Polyrhachis_argentosa	Polyrhachis	0.12
Polyrhachis_armata	Polyrhachis	0.12
Polyrhachis_aurea	Polyrhachis	0.12
Polyrhachis_australis	Polyrhachis	0.12
Polyrhachis_beccarii	Polyrhachis	0.12
Polyrhachis_bicolor	Polyrhachis	0.12
Polyrhachis_bihamata	Polyrhachis	0.12
Polyrhachis_boltoni	Polyrhachis	0.12
Polyrhachis_brevinoda	Polyrhachis	0.12
Polyrhachis_calypso	Polyrhachis	0.12
Polyrhachis_campbelli	Polyrhachis	0.12
Polyrhachis_carbonaria	Polyrhachis	0.12
Polyrhachis_cephalotes	Polyrhachis	0.12
Polyrhachis_cleopatra	Polyrhachis	0.12
Polyrhachis_clio	Polyrhachis	0.12
Polyrhachis_cupreata	Polyrhachis	0.12
Polyrhachis_cyaniventris	Polyrhachis	0.12
Polyrhachis_cyphonota	Polyrhachis	0.12
Polyrhachis_cyrus	Polyrhachis	0.12
Polyrhachis_danum	Polyrhachis	0.12
Polyrhachis_debilis	Polyrhachis	0.12
Polyrhachis_decemdentata	Polyrhachis	0.12
Polyrhachis_delicata	Polyrhachis	0.12
Polyrhachis_dives	Polyrhachis	0.12
Polyrhachis_equina	Polyrhachis	0.12
Polyrhachis_flavibasis	Polyrhachis	0.12
Polyrhachis_foreli	Polyrhachis	0.12
Polyrhachis_furcata	Polyrhachis	0.12
Polyrhachis_gab	Polyrhachis	0.12
Polyrhachis_gagates	Polyrhachis	0.12
Polyrhachis_hexacantha	Polyrhachis	0.12
Polyrhachis_hookeri	Polyrhachis	0.12
Polyrhachis_illaudata	Polyrhachis	0.12
Polyrhachis_inermis	Polyrhachis	0.12
Polyrhachis_kaipi	Polyrhachis	0.12
Polyrhachis_lacteipennis	Polyrhachis	0.12
Polyrhachis_laevissima	Polyrhachis	0.12
Polyrhachis_lamellidens	Polyrhachis	0.12
Polyrhachis_lata	Polyrhachis	0.12
Polyrhachis_latharis	Polyrhachis	0.12
Polyrhachis_lepida	Polyrhachis	0.12
Polyrhachis_loweryi	Polyrhachis	0.12
Polyrhachis_mackayi	Polyrhachis	0.12
Polyrhachis_macropus	Polyrhachis	0.12
Polyrhachis_mindanaensis	Polyrhachis	0.12
Polyrhachis_monteithi	Polyrhachis	0.12
Polyrhachis_mucronata	Polyrhachis	0.12
Polyrhachis_nigropilosa	Polyrhachis	0.12
Polyrhachis_noesaensis	Polyrhachis	0.12
Polyrhachis_obesior	Polyrhachis	0.12
Polyrhachis_olybria	Polyrhachis	0.12
Polyrhachis_ornata	Polyrhachis	0.12
Polyrhachis_proxima	Polyrhachis	0.12
Polyrhachis_rastellata	Polyrhachis	0.12
Polyrhachis_revoili	Polyrhachis	0.12
Polyrhachis_robsoni	Polyrhachis	0.12
Polyrhachis_rufifemur	Polyrhachis	0.12
Polyrhachis_saevissima	Polyrhachis	0.12
Polyrhachis_schistacea	Polyrhachis	0.12
Polyrhachis_schlueteri	Polyrhachis	0.12
Polyrhachis_schoopae	Polyrhachis	0.12
Polyrhachis_semipolita	Polyrhachis	0.12
Polyrhachis_senilis	Polyrhachis	0.12
Polyrhachis_sexspinosa	Polyrhachis	0.12
Polyrhachis_shixingensis	Polyrhachis	0.12
Polyrhachis_sokolova	Polyrhachis	0.12
Polyrhachis_thais	Polyrhachis	0.12
Polyrhachis_thrinax	Polyrhachis	0.12
Polyrhachis_thusnelda	Polyrhachis	0.12
Polyrhachis_tibialis	Polyrhachis	0.12
Polyrhachis_trapezoidea	Polyrhachis	0.12
Polyrhachis_tubifex	Polyrhachis	0.12
Polyrhachis_turneri	Polyrhachis	0.12
Polyrhachis_villipes	Polyrhachis	0.12
Polyrhachis_vindex	Polyrhachis	0.12
Polyrhachis_viscosa	Polyrhachis	0.12
Polyrhachis_ypsilon	Polyrhachis	0.12
Bajcaridris_theryi	Bajcaridris	0.33
Cataglyphis_aenescens	Cataglyphis_sl	0.04
Cataglyphis_cursor	Cataglyphis_sl	0.04
Cataglyphis_iberica	Cataglyphis_sl	0.04
Formica_aquilonia	Formica	0.09
Formica_aserva	Formica	0.09
Formica_beijingensis	Formica	0.09
Formica_candida	Formica	0.09
Formica_clara	Formica	0.09
Formica_densiventris	Formica	0.09
Formica_exsectoides	Formica	0.09
Formica_fukaii	Formica	0.09
Formica_fusca	Formica	0.09
Formica_gagatoides	Formica	0.09
Formica_glacialis	Formica	0.09
Formica_japonica	Formica	0.09
Formica_lasioides	Formica	0.09
Formica_moki	Formica	0.09
Formica_neogagates	Formica	0.09
Formica_obscuripes	Formica	0.09
Formica_rufa	Formica	0.09
Formica_sanguinea	Formica	0.09
Formica_sinensis	Formica	0.09
Formica_subaenescens	Formica	0.09
Formica_subintegra	Formica	0.09
Formica_subsericea	Formica	0.09
Formica_uralensis	Formica	0.09
Formica_wheeleri	Formica	0.09
Iberoformica_subrufa	Iberoformica	0.5
Polyergus_breviceps	Polyergus	0.07
Proformica_mongolica	Proformica	0.08
Proformica_nasuta	Proformica	0.08
Rossomyrmex_anatolicus	Cataglyphis_sl	0.04
Gesomyrmex_CASENT0106178	Gesomyrmex	0.17
Gigantiops_destructor	Gigantiops	1
Euprenolepis_procera	Euprenolepis	0.25
Euprenolepis_wittei	Euprenolepis	0.25
Lasius_alienus	Lasius	0.12
Lasius_brunneus	Lasius	0.12
Lasius_californicus	Lasius	0.12
Lasius_cinereus	Lasius	0.12
Lasius_claviger	Lasius	0.12
Lasius_emarginatus	Lasius	0.12
Lasius_grandis	Lasius	0.12
Lasius_lasioides	Lasius	0.12
Lasius_latipes	Lasius	0.12
Lasius_neoniger	Lasius	0.12
Lasius_niger	Lasius	0.12
Lasius_platythorax	Lasius	0.12
Lasius_psammophilus	Lasius	0.12
Lasius_subumbratus	Lasius	0.12
Myrmecocystus_arenarius	Myrmecocystus	0.73
Myrmecocystus_creightoni	Myrmecocystus	0.73
Myrmecocystus_depilis	Myrmecocystus	0.73
Myrmecocystus_flaviceps	Myrmecocystus	0.73
Myrmecocystus_kathjuli	Myrmecocystus	0.73
Myrmecocystus_kennedyi	Myrmecocystus	0.73
Myrmecocystus_koso	Myrmecocystus	0.73
Myrmecocystus_lugubris	Myrmecocystus	0.73
Myrmecocystus_melliger	Myrmecocystus	0.73
Myrmecocystus_mendax	Myrmecocystus	0.73
Myrmecocystus_mexicanus	Myrmecocystus	0.73
Myrmecocystus_mimicus	Myrmecocystus	0.73
Myrmecocystus_navajo	Myrmecocystus	0.73
Myrmecocystus_nequazcatl	Myrmecocystus	0.73
Myrmecocystus_perimeces	Myrmecocystus	0.73
Myrmecocystus_placodops	Myrmecocystus	0.73
Myrmecocystus_romainei	Myrmecocystus	0.73
Myrmecocystus_semirufus	Myrmecocystus	0.73
Myrmecocystus_tenuinodis	Myrmecocystus	0.73
Myrmecocystus_testaceus	Myrmecocystus	0.73
Myrmecocystus_wheeleri	Myrmecocystus	0.73
Myrmecocystus_yuma	Myrmecocystus	0.73
Nylanderia_amblyops	Nylanderia	0.22
Nylanderia_arenivaga	Nylanderia	0.22
Nylanderia_bourbonica	Nylanderia	0.22
Nylanderia_concinna	Nylanderia	0.22
Nylanderia_dodo	Nylanderia	0.22
Nylanderia_faisonensis	Nylanderia	0.22
Nylanderia_fulva	Nylanderia	0.22
Nylanderia_glabrior	Nylanderia	0.22
Nylanderia_helleri	Nylanderia	0.22
Nylanderia_hystrix	Nylanderia	0.22
Nylanderia_madagascarensis	Nylanderia	0.22
Nylanderia_microps	Nylanderia	0.22
Nylanderia_nuggeti	Nylanderia	0.22
Nylanderia_obscura	Nylanderia	0.22
Nylanderia_parvula	Nylanderia	0.22
Nylanderia_phantasma	Nylanderia	0.22
Nylanderia_pubens	Nylanderia	0.22
Nylanderia_steinheili	Nylanderia	0.22
Nylanderia_terricola	Nylanderia	0.22
Nylanderia_vaga	Nylanderia	0.22
Nylanderia_vitiensis	Nylanderia	0.22
Nylanderia_vividula	Nylanderia	0.22
Nylanderia_wojciki	Nylanderia	0.22
Paraparatrechina_concinnata	Paraparatrechina	0.22
Paraparatrechina_glabra	Paraparatrechina	0.22
Paraparatrechina_lecamopteridis	Paraparatrechina	0.22
Paraparatrechina_minutula	Paraparatrechina	0.22
Paraparatrechina_oceanica	Paraparatrechina	0.22
Paraparatrechina_opaca	Paraparatrechina	0.22
Paraparatrechina_pallida	Paraparatrechina	0.22
Paraparatrechina_weissi	Paraparatrechina	0.22
Paratrechina_antsingy	Paratrechina	0.6
Paratrechina_longicornis	Paratrechina	0.6
Paratrechina_zanjensis	Paratrechina	0.6
Prenolepis_emmae	Nylanderia	0.22
Prenolepis_imparis	Prenolepis	0.2
Prenolepis_melanogaster	Prenolepis	0.2
Prenolepis_nitens	Prenolepis	0.2
Pseudolasius_australis	Pseudolasius	0.04
Pseudolasius_typhlops	Pseudolasius	0.04
Zatania_albimaculata	Zatania	0.8
Zatania_cisipa	Zatania	0.8
Zatania_gibberosa	Zatania	0.8
Zatania_gloriosa	Zatania	0.8
Lasiophanes_atriventris	Lasiophanes	0.17
Melophorus_CASENT0106148	Melophorus	0.04
Myrmecorhynchus_emeryi	Myrmecorhynchus	0.33
Notoncus_capitatus	Notoncus	0.17
Notostigma_carazzii	Notostigma	0.5
Prolasius_convexus	Prolasius	0.05
Pseudonotoncus_hirsutus	Pseudonotoncus	0.5
Teratomyrmex_greavesi	Teratomyrmex	0.33
Brachymyrmex_depilis	Brachymyrmex	0.02
Myrmelachista_flavocotea	Myrmelachista	0.02
Myrmoteras_iriodum	Myrmoteras	0.05
Myrmoteras_williamsi	Myrmoteras	0.05
Oecophylla_longinoda	Oecophylla	0.67
Oecophylla_smaragdina	Oecophylla	0.67
Acropyga_acutiventris	Acropyga	0.05
Acropyga_epedana	Acropyga	0.05
Anoplolepis_carinata	Anoplolepis	0.33
Anoplolepis_custodiens	Anoplolepis	0.33
Anoplolepis_gracilipes	Anoplolepis	0.33
Aphomomyrmex_afer	Aphomomyrmex	1
Cladomyrma_petalae	Cladomyrma	0.08
Lepisiota_canescens	Lepisiota	0.01
Petalomyrmex_phylax	Petalomyrmex	1
Plagiolepis_alluaudi	Plagiolepis	0.03
Plagiolepis_madecassa	Plagiolepis	0.03
Santschiella_kohli	Santschiella	1
Acanthoponera_minor	Acanthoponera_sl	0.09
Heteroponera_microps	Acanthoponera_sl	0.09
Heteroponera_panamensis	Acanthoponera_sl	0.09
Anomalomyrma_boltoni	Anomalomyrma	0.33
Protanilla_CASENT0007002	Protanilla	0.11
Leptanilla_CASENT0106505	Leptanilla	0.02
Yavnella_argamani	Yavnella	0.5
Opamyrma_hungvuong	Opamyrma	1
Martialis_heureka	Martialis	1
Myrmecia_athertonensis	Myrmecia	0.39
Myrmecia_brevinoda	Myrmecia	0.39
Myrmecia_callima	Myrmecia	0.39
Myrmecia_chasei	Myrmecia	0.39
Myrmecia_chrysogaster	Myrmecia	0.39
Myrmecia_croslandi	Myrmecia	0.39
Myrmecia_esuriens	Myrmecia	0.39
Myrmecia_eungellensis	Myrmecia	0.39
Myrmecia_fabricii	Myrmecia	0.39
Myrmecia_forceps	Myrmecia	0.39
Myrmecia_formosa	Myrmecia	0.39
Myrmecia_froggatti	Myrmecia	0.39
Myrmecia_fucosa	Myrmecia	0.39
Myrmecia_fulviculis	Myrmecia	0.39
Myrmecia_fulvipes	Myrmecia	0.39
Myrmecia_gulosa	Myrmecia	0.39
Myrmecia_harderi	Myrmecia	0.39
Myrmecia_loweryi	Myrmecia	0.39
Myrmecia_mandibularis	Myrmecia	0.39
Myrmecia_michaelseni	Myrmecia	0.39
Myrmecia_midas	Myrmecia	0.39
Myrmecia_nigriscapa	Myrmecia	0.39
Myrmecia_nigrocincta	Myrmecia	0.39
Myrmecia_petiolata	Myrmecia	0.39
Myrmecia_picta	Myrmecia	0.39
Myrmecia_piliventris	Myrmecia	0.39
Myrmecia_pilosula	Myrmecia	0.39
Myrmecia_pulchra	Myrmecia	0.39
Myrmecia_rowlandi	Myrmecia	0.39
Myrmecia_rufinodis	Myrmecia	0.39
Myrmecia_swalei	Myrmecia	0.39
Myrmecia_tarsata	Myrmecia	0.39
Myrmecia_tepperi	Myrmecia	0.39
Myrmecia_testaceipes	Myrmecia	0.39
Myrmecia_urens	Myrmecia	0.39
Myrmecia_varians	Myrmecia	0.39
Nothomyrmecia_macrops	Nothomyrmecia	1
Acanthognathus_ocellatus	Acanthognathus	0.14
Acromyrmex_ambiguus	Atta_sl	0.25
Acromyrmex_balzani	Atta_sl	0.25
Acromyrmex_echinatior	Atta_sl	0.25
Acromyrmex_heyeri	Atta_sl	0.25
Acromyrmex_landolti	Atta_sl	0.25
Acromyrmex_lundii	Atta_sl	0.25
Acromyrmex_octospinosus	Atta_sl	0.25
Acromyrmex_striatus	Atta_sl	0.25
Acromyrmex_versicolor	Atta_sl	0.25
Allomerus_decemarticulatus	Allomerus	0.25
Allomerus_octoarticulatus	Allomerus	0.25
Apterostigma_auriculatum	Apterostigma	0.18
Apterostigma_collare	Apterostigma	0.18
Apterostigma_dentigerum	Apterostigma	0.18
Apterostigma_dorotheae	Apterostigma	0.18
Apterostigma_manni	Apterostigma	0.18
Apterostigma_megacephala	Apterostigma	0.18
Apterostigma_pilosum	Apterostigma	0.18
Apterostigma_steigeri	Apterostigma	0.18
Atta_bisphaerica	Atta_sl	0.25
Atta_cephalotes	Atta_sl	0.25
Atta_colombica	Atta_sl	0.25
Atta_laevigata	Atta_sl	0.25
Atta_mexicana	Atta_sl	0.25
Atta_robusta	Atta_sl	0.25
Atta_texana	Atta_sl	0.25
Basiceros_manni	Basiceros	0.12
Blepharidatta_brasiliensis	Blepharidatta	0.5
Blepharidatta_conops	Blepharidatta	0.5
Cephalotes_adolphi	Cephalotes	0.49
Cephalotes_alfaroi	Cephalotes	0.49
Cephalotes_atratus	Cephalotes	0.49
Cephalotes_auricomus	Cephalotes	0.49
Cephalotes_basalis	Cephalotes	0.49
Cephalotes_betoi	Cephalotes	0.49
Cephalotes_biguttatus	Cephalotes	0.49
Cephalotes_bohlsi	Cephalotes	0.49
Cephalotes_borgmeieri	Cephalotes	0.49
Cephalotes_bruchi	Cephalotes	0.49
Cephalotes_christopherseni	Cephalotes	0.49
Cephalotes_clypeatus	Cephalotes	0.49
Cephalotes_cordatus	Cephalotes	0.49
Cephalotes_cordiae	Cephalotes	0.49
Cephalotes_cordiventris	Cephalotes	0.49
Cephalotes_crenaticeps	Cephalotes	0.49
Cephalotes_cristatus	Cephalotes	0.49
Cephalotes_depressus	Cephalotes	0.49
Cephalotes_eduarduli	Cephalotes	0.49
Cephalotes_goniodontus	Cephalotes	0.49
Cephalotes_grandinosus	Cephalotes	0.49
Cephalotes_guayaki	Cephalotes	0.49
Cephalotes_hirsutus	Cephalotes	0.49
Cephalotes_jheringi	Cephalotes	0.49
Cephalotes_kukulcan	Cephalotes	0.49
Cephalotes_laminatus	Cephalotes	0.49
Cephalotes_liogaster	Cephalotes	0.49
Cephalotes_maculatus	Cephalotes	0.49
Cephalotes_marginatus	Cephalotes	0.49
Cephalotes_minutus	Cephalotes	0.49
Cephalotes_mompox	Cephalotes	0.49
Cephalotes_multispinosus	Cephalotes	0.49
Cephalotes_opacus	Cephalotes	0.49
Cephalotes_pallens	Cephalotes	0.49
Cephalotes_pallidoides	Cephalotes	0.49
Cephalotes_pallidus	Cephalotes	0.49
Cephalotes_patellaris	Cephalotes	0.49
Cephalotes_pellans	Cephalotes	0.49
Cephalotes_persimilis	Cephalotes	0.49
Cephalotes_persimplex	Cephalotes	0.49
Cephalotes_peruviensis	Cephalotes	0.49
Cephalotes_pilosus	Cephalotes	0.49
Cephalotes_placidus	Cephalotes	0.49
Cephalotes_porrasi	Cephalotes	0.49
Cephalotes_pusillus	Cephalotes	0.49
Cephalotes_ramiphilus	Cephalotes	0.49
Cephalotes_rohweri	Cephalotes	0.49
Cephalotes_scutulatus	Cephalotes	0.49
Cephalotes_serraticeps	Cephalotes	0.49
Cephalotes_setulifer	Cephalotes	0.49
Cephalotes_simillimus	Cephalotes	0.49
Cephalotes_spinosus	Cephalotes	0.49
Cephalotes_targionii	Cephalotes	0.49
Cephalotes_texanus	Cephalotes	0.49
Cephalotes_trichophorus	Cephalotes	0.49
Cephalotes_umbraculatus	Cephalotes	0.49
Cephalotes_unimaculatus	Cephalotes	0.49
Cephalotes_varians	Cephalotes	0.49
Colobostruma_unicorna	Colobostruma	0.06
Cyatta_abscondita	Cyatta	1
Cyphomyrmex_cornutus	Cyphomyrmex	0.08
Cyphomyrmex_minutus	Cyphomyrmex	0.08
Cyphomyrmex_rimosus	Cyphomyrmex	0.08
Daceton_armigerum	Daceton	0.5
Diaphoromyrma_sofiae	Diaphoromyrma	1
Epopostruma_monstrosa	Epopostruma	0.05
Eurhopalothrix_australis	Eurhopalothrix	0.07
Eurhopalothrix_bolaui	Eurhopalothrix	0.07
Eurhopalothrix_gravis	Eurhopalothrix	0.07
Kalathomyrmex_emeryi	Kalathomyrmex	1
Lachnomyrmex_scrobiculatus	Lachnomyrmex	0.06
Lenomyrmex_colwelli	Lenomyrmex	0.17
Mesostruma_browni	Mesostruma	0.11
Microdaceton_tibialis	Microdaceton	0.25
Mycetagroicus_triangularis	Atta_sl	0.25
Mycetarotes_acutus	Mycetarotes	0.25
Mycetophylax_conformis	Mycetophylax	1
Mycetophylax_morschi	Mycetophylax	1
Mycetophylax_simplex	Mycetophylax	1
Mycetosoritis_hartmanni	Mycetosoritis	0.2
Mycocepurus_goeldii	Mycocepurus	0.17
Myrmicocrypta_buenzlii	Myrmicocrypta	0.15
Myrmicocrypta_ednaella	Myrmicocrypta	0.15
Myrmicocrypta_infuscata	Myrmicocrypta	0.15
Myrmicocrypta_urichi	Myrmicocrypta	0.15
Ochetomyrmex_neopolitus	Ochetomyrmex	1
Ochetomyrmex_semipolitus	Ochetomyrmex	1
Octostruma_iheringi	Octostruma	0.06
Octostruma_wheeleri	Octostruma	0.06
Orectognathus_versicolor	Orectognathus	0.03
Phalacromyrmex_fugax	Phalacromyrmex	1
Pheidole_acantha	Pheidole	0.09
Pheidole_allarmata	Pheidole	0.09
Pheidole_amazonica	Pheidole	0.09
Pheidole_anastasii	Pheidole	0.09
Pheidole_angusticeps	Pheidole	0.09
Pheidole_annemariae	Pheidole	0.09
Pheidole_antipodum	Pheidole	0.09
Pheidole_bessonii	Pheidole	0.09
Pheidole_bicarinata	Pheidole	0.09
Pheidole_bilimeki	Pheidole	0.09
Pheidole_boruca	Pheidole	0.09
Pheidole_browni	Pheidole	0.09
Pheidole_clydei	Pheidole	0.09
Pheidole_cryptocera	Pheidole	0.09
Pheidole_dasypyx	Pheidole	0.09
Pheidole_dea	Pheidole	0.09
Pheidole_dentata	Pheidole	0.09
Pheidole_dispar	Pheidole	0.09
Pheidole_dugasi	Pheidole	0.09
Pheidole_exarata	Pheidole	0.09
Pheidole_fallax	Pheidole	0.09
Pheidole_fervens	Pheidole	0.09
Pheidole_fimbriata	Pheidole	0.09
Pheidole_fissiceps	Pheidole	0.09
Pheidole_glomericeps	Pheidole	0.09
Pheidole_grallatrix	Pheidole	0.09
Pheidole_havilandi	Pheidole	0.09
Pheidole_hyatti	Pheidole	0.09
Pheidole_indagatrix	Pheidole	0.09
Pheidole_indica	Pheidole	0.09
Pheidole_jacobsoni	Pheidole	0.09
Pheidole_jonas	Pheidole	0.09
Pheidole_knowlesi	Pheidole	0.09
Pheidole_laselva	Pheidole	0.09
Pheidole_laticornis	Pheidole	0.09
Pheidole_lokitae	Pheidole	0.09
Pheidole_longispinosa	Pheidole	0.09
Pheidole_lucida	Pheidole	0.09
Pheidole_lucioccipitalis	Pheidole	0.09
Pheidole_lucretii	Pheidole	0.09
Pheidole_megacephala	Pheidole	0.09
Pheidole_melanogaster	Pheidole	0.09
Pheidole_mendanai	Pheidole	0.09
Pheidole_mendicula	Pheidole	0.09
Pheidole_militicida	Pheidole	0.09
Pheidole_moerens	Pheidole	0.09
Pheidole_monteverdensis	Pheidole	0.09
Pheidole_morrisii	Pheidole	0.09
Pheidole_nemoralis	Pheidole	0.09
Pheidole_nigeriensis	Pheidole	0.09
Pheidole_nindi	Pheidole	0.09
Pheidole_nodus	Pheidole	0.09
Pheidole_obtusospinosa	Pheidole	0.09
Pheidole_olsoni	Pheidole	0.09
Pheidole_onifera	Pheidole	0.09
Pheidole_oswaldi	Pheidole	0.09
Pheidole_pallidula	Pheidole	0.09
Pheidole_parva	Pheidole	0.09
Pheidole_perpilosa	Pheidole	0.09
Pheidole_pilifera	Pheidole	0.09
Pheidole_plagiaria	Pheidole	0.09
Pheidole_psilogaster	Pheidole	0.09
Pheidole_pubiventris	Pheidole	0.09
Pheidole_pugnax	Pheidole	0.09
Pheidole_pulchella	Pheidole	0.09
Pheidole_punctatissima	Pheidole	0.09
Pheidole_quadrensis	Pheidole	0.09
Pheidole_rhea	Pheidole	0.09
Pheidole_rhinoceros	Pheidole	0.09
Pheidole_rhinomontana	Pheidole	0.09
Pheidole_roosevelti	Pheidole	0.09
Pheidole_rugiceps	Pheidole	0.09
Pheidole_sabahna	Pheidole	0.09
Pheidole_sagittaria	Pheidole	0.09
Pheidole_sauberi	Pheidole	0.09
Pheidole_sexspinosa	Pheidole	0.09
Pheidole_simonsi	Pheidole	0.09
Pheidole_spadonia	Pheidole	0.09
Pheidole_sperata	Pheidole	0.09
Pheidole_spinicornis	Pheidole	0.09
Pheidole_striaticeps	Pheidole	0.09
Pheidole_subarmata	Pheidole	0.09
Pheidole_susannae	Pheidole	0.09
Pheidole_synarmata	Pheidole	0.09
Pheidole_thrasys	Pheidole	0.09
Pheidole_tjibodana	Pheidole	0.09
Pheidole_tysoni	Pheidole	0.09
Pheidole_ulothrix	Pheidole	0.09
Pheidole_umbonata	Pheidole	0.09
Pheidole_ursus	Pheidole	0.09
Pheidole_vallicola	Pheidole	0.09
Pheidole_vatu	Pheidole	0.09
Pheidole_williamsi	Pheidole	0.09
Pheidole_zeteki	Pheidole	0.09
Pilotrochus_besmerus	Pilotrochus	1
Procryptocerus_batesi	Procryptocerus	0.09
Procryptocerus_carbonarius	Procryptocerus	0.09
Procryptocerus_hylaeus	Procryptocerus	0.09
Procryptocerus_scabriusculus	Procryptocerus	0.09
Protalaridris_armata	Protalaridris	1
Rhopalothrix_isthmica	Rhopalothrix	0.06
Sericomyrmex_parvulus	Atta_sl	0.25
Strumigenys_actis	Strumigenys	0.06
Strumigenys_admixta	Strumigenys	0.06
Strumigenys_agetos	Strumigenys	0.06
Strumigenys_alapa	Strumigenys	0.06
Strumigenys_ambatrix	Strumigenys	0.06
Strumigenys_ampyx	Strumigenys	0.06
Strumigenys_biolleyi	Strumigenys	0.06
Strumigenys_brevicornis	Strumigenys	0.06
Strumigenys_cabira	Strumigenys	0.06
Strumigenys_charino	Strumigenys	0.06
Strumigenys_chilo	Strumigenys	0.06
Strumigenys_chiricahua	Strumigenys	0.06
Strumigenys_chyzeri	Strumigenys	0.06
Strumigenys_cordovensis	Strumigenys	0.06
Strumigenys_coveri	Strumigenys	0.06
Strumigenys_covina	Strumigenys	0.06
Strumigenys_dicomas	Strumigenys	0.06
Strumigenys_dora	Strumigenys	0.06
Strumigenys_emmae	Strumigenys	0.06
Strumigenys_erynnes	Strumigenys	0.06
Strumigenys_exiguaevitae	Strumigenys	0.06
Strumigenys_fridericimuelleri	Strumigenys	0.06
Strumigenys_glycon	Strumigenys	0.06
Strumigenys_godeffroyi	Strumigenys	0.06
Strumigenys_grandidieri	Strumigenys	0.06
Strumigenys_gundlachi	Strumigenys	0.06
Strumigenys_khakaura	Strumigenys	0.06
Strumigenys_lanuginosa	Strumigenys	0.06
Strumigenys_levana	Strumigenys	0.06
Strumigenys_luca	Strumigenys	0.06
Strumigenys_lucomo	Strumigenys	0.06
Strumigenys_ludovici	Strumigenys	0.06
Strumigenys_lura	Strumigenys	0.06
Strumigenys_mandibularis	Strumigenys	0.06
Strumigenys_maxillaris	Strumigenys	0.06
Strumigenys_membranifera	Strumigenys	0.06
Strumigenys_myllorhapha	Strumigenys	0.06
Strumigenys_nitens	Strumigenys	0.06
Strumigenys_ocypete	Strumigenys	0.06
Strumigenys_olsoni	Strumigenys	0.06
Strumigenys_origo	Strumigenys	0.06
Strumigenys_prospiciens	Strumigenys	0.06
Strumigenys_pulchella	Strumigenys	0.06
Strumigenys_rabesoni	Strumigenys	0.06
Strumigenys_rogeri	Strumigenys	0.06
Strumigenys_scotti	Strumigenys	0.06
Strumigenys_simoni	Strumigenys	0.06
Strumigenys_sphera	Strumigenys	0.06
Strumigenys_subedentata	Strumigenys	0.06
Strumigenys_vazimba	Strumigenys	0.06
Strumigenys_zeteki	Strumigenys	0.06
Talaridris_mandibularis	Eurhopalothrix	0.07
Trachymyrmex_arizonensis	Atta_sl	0.25
Trachymyrmex_bugnioni	Atta_sl	0.25
Trachymyrmex_cornetzi	Atta_sl	0.25
Trachymyrmex_diversus	Atta_sl	0.25
Trachymyrmex_irmgardae	Atta_sl	0.25
Trachymyrmex_jamaicensis	Atta_sl	0.25
Trachymyrmex_opulentus	Atta_sl	0.25
Trachymyrmex_papulatus	Atta_sl	0.25
Trachymyrmex_septentrionalis	Atta_sl	0.25
Trachymyrmex_smithi	Atta_sl	0.25
Trachymyrmex_urichii	Atta_sl	0.25
Trachymyrmex_zeteki	Atta_sl	0.25
Tranopelta_gilva	Tranopelta	1
Tranopelta_subterranea	Tranopelta	1
Wasmannia_auropunctata	Wasmannia	0.09
Acanthomyrmex_ferox	Acanthomyrmex	0.06
Adlerzia_froggatti	Adlerzia	1
Atopomyrmex_mocquerysi	Atopomyrmex	0.33
Calyptomyrmex_beccarii	Calyptomyrmex	0.05
Calyptomyrmex_kaurus	Calyptomyrmex	0.05
Cardiocondyla_atalanta	Cardiocondyla	0.31
Cardiocondyla_batesii	Cardiocondyla	0.31
Cardiocondyla_bulgarica	Cardiocondyla	0.31
Cardiocondyla_elegans	Cardiocondyla	0.31
Cardiocondyla_emeryi	Cardiocondyla	0.31
Cardiocondyla_kagutsuchi	Cardiocondyla	0.31
Cardiocondyla_koshewnikovi	Cardiocondyla	0.31
Cardiocondyla_mauritanica	Cardiocondyla	0.31
Cardiocondyla_minutior	Cardiocondyla	0.31
Cardiocondyla_nigra	Cardiocondyla	0.31
Cardiocondyla_nigrocerea	Cardiocondyla	0.31
Cardiocondyla_nuda	Cardiocondyla	0.31
Cardiocondyla_obscurior	Cardiocondyla	0.31
Cardiocondyla_paradoxa	Cardiocondyla	0.31
Cardiocondyla_parvinoda	Cardiocondyla	0.31
Cardiocondyla_sahlbergi	Cardiocondyla	0.31
Cardiocondyla_stambuloffii	Cardiocondyla	0.31
Cardiocondyla_thoracica	Cardiocondyla	0.31
Cardiocondyla_tibetana	Cardiocondyla	0.31
Cardiocondyla_tjibodana	Cardiocondyla	0.31
Cardiocondyla_ulianini	Cardiocondyla	0.31
Cardiocondyla_venustula	Cardiocondyla	0.31
Carebara_affinis	Carebara	0.02
Carebara_alperti	Carebara	0.02
Carebara_nosindambo	Carebara	0.02
Carebara_urichi	Carebara	0.02
Carebara_vidua	Carebara	0.02
Cataulacus_ebrardi	Cataulacus	0.06
Cataulacus_hispidulus	Cataulacus	0.06
Cataulacus_porcatus	Cataulacus	0.06
Cataulacus_voeltzkowi	Cataulacus	0.06
Crematogaster_aberrans	Crematogaster	0.17
Crematogaster_abrupta	Crematogaster	0.17
Crematogaster_aculeata	Crematogaster	0.17
Crematogaster_acuta	Crematogaster	0.17
Crematogaster_agnetis	Crematogaster	0.17
Crematogaster_ampullaris	Crematogaster	0.17
Crematogaster_arcuata	Crematogaster	0.17
Crematogaster_auberti	Crematogaster	0.17
Crematogaster_baduvi	Crematogaster	0.17
Crematogaster_binghamii	Crematogaster	0.17
Crematogaster_borneensis	Crematogaster	0.17
Crematogaster_castanea	Crematogaster	0.17
Crematogaster_coarctata	Crematogaster	0.17
Crematogaster_coriaria	Crematogaster	0.17
Crematogaster_corvina	Crematogaster	0.17
Crematogaster_dahlii	Crematogaster	0.17
Crematogaster_decamera	Crematogaster	0.17
Crematogaster_degeeri	Crematogaster	0.17
Crematogaster_dentinodis	Crematogaster	0.17
Crematogaster_emeryana	Crematogaster	0.17
Crematogaster_emeryi	Crematogaster	0.17
Crematogaster_flava	Crematogaster	0.17
Crematogaster_flaviventris	Crematogaster	0.17
Crematogaster_flavomicrops	Crematogaster	0.17
Crematogaster_formosa	Crematogaster	0.17
Crematogaster_fraxatrix	Crematogaster	0.17
Crematogaster_fritzi	Crematogaster	0.17
Crematogaster_fruhstorferi	Crematogaster	0.17
Crematogaster_grevei	Crematogaster	0.17
Crematogaster_hafahafa	Crematogaster	0.17
Crematogaster_hazolava	Crematogaster	0.17
Crematogaster_inflata	Crematogaster	0.17
Crematogaster_ionia	Crematogaster	0.17
Crematogaster_irritabilis	Crematogaster	0.17
Crematogaster_isolata	Crematogaster	0.17
Crematogaster_kelleri	Crematogaster	0.17
Crematogaster_lango	Crematogaster	0.17
Crematogaster_liengmei	Crematogaster	0.17
Crematogaster_lineolata	Crematogaster	0.17
Crematogaster_lobata	Crematogaster	0.17
Crematogaster_longipilosa	Crematogaster	0.17
Crematogaster_longispina	Crematogaster	0.17
Crematogaster_madagascariensis	Crematogaster	0.17
Crematogaster_madecassa	Crematogaster	0.17
Crematogaster_mahery	Crematogaster	0.17
Crematogaster_malala	Crematogaster	0.17
Crematogaster_marioni	Crematogaster	0.17
Crematogaster_meijerei	Crematogaster	0.17
Crematogaster_mesonotalis	Crematogaster	0.17
Crematogaster_mjobergi	Crematogaster	0.17
Crematogaster_modiglianii	Crematogaster	0.17
Crematogaster_mpanjono	Crematogaster	0.17
Crematogaster_navajoa	Crematogaster	0.17
Crematogaster_nigropilosa	Crematogaster	0.17
Crematogaster_nosibeensis	Crematogaster	0.17
Crematogaster_obnigra	Crematogaster	0.17
Crematogaster_onusta	Crematogaster	0.17
Crematogaster_opaca	Crematogaster	0.17
Crematogaster_osakensis	Crematogaster	0.17
Crematogaster_paradoxa	Crematogaster	0.17
Crematogaster_pilosa	Crematogaster	0.17
Crematogaster_quadriformis	Crematogaster	0.17
Crematogaster_ranavalonae	Crematogaster	0.17
Crematogaster_rasoherinae	Crematogaster	0.17
Crematogaster_razana	Crematogaster	0.17
Crematogaster_reticulata	Crematogaster	0.17
Crematogaster_rothneyi	Crematogaster	0.17
Crematogaster_sabatra	Crematogaster	0.17
Crematogaster_sagei	Crematogaster	0.17
Crematogaster_santschii	Crematogaster	0.17
Crematogaster_scutellaris	Crematogaster	0.17
Crematogaster_sewellii	Crematogaster	0.17
Crematogaster_sisa	Crematogaster	0.17
Crematogaster_sordidula	Crematogaster	0.17
Crematogaster_stadelmanni	Crematogaster	0.17
Crematogaster_subcircularis	Crematogaster	0.17
Crematogaster_subnuda	Crematogaster	0.17
Crematogaster_sumichrasti	Crematogaster	0.17
Crematogaster_telolafy	Crematogaster	0.17
Crematogaster_tenuicula	Crematogaster	0.17
Crematogaster_tetracantha	Crematogaster	0.17
Crematogaster_torosa	Crematogaster	0.17
Crematogaster_treubi	Crematogaster	0.17
Crematogaster_victima	Crematogaster	0.17
Crematogaster_volamena	Crematogaster	0.17
Crematogaster_weberi	Crematogaster	0.17
Crematogaster_wellmani	Crematogaster	0.17
Cyphoidris_exalta	Cyphoidris	0.25
Dacatria_templaris	Dacatria	1
Diplomorium_longipenne	Diplomorium	1
Eutetramorium_mocquerysi	Eutetramorium	0.67
Eutetramorium_monticellii	Eutetramorium	0.67
Formicoxenus_diversipilosus	Formicoxenus	0.29
Formicoxenus_provancheri	Formicoxenus	0.29
Gauromyrmex_acanthinus	Gauromyrmex	0.5
Harpagoxenus_sublaevis	Harpagoxenus	0.33
Huberia_brounii	Huberia	1
Huberia_striata	Huberia	1
Kartidris_sparsipila	Kartidris	0.17
Leptothorax_acervorum	Leptothorax	0.05
Liomyrmex_gestroi	Liomyrmex	1
Lophomyrmex_ambiguus	Lophomyrmex	0.15
Lophomyrmex_striatulus	Lophomyrmex	0.15
Lordomyrma_azumai	Lordomyrma	0.31
Lordomyrma_curvata	Lordomyrma	0.31
Lordomyrma_desupra	Lordomyrma	0.31
Lordomyrma_epinotalis	Lordomyrma	0.31
Lordomyrma_reticulata	Lordomyrma	0.31
Lordomyrma_rugosa	Lordomyrma	0.31
Lordomyrma_stoneri	Lordomyrma	0.31
Lordomyrma_striatella	Lordomyrma	0.31
Lordomyrma_vanua	Lordomyrma	0.31
Lordomyrma_vuda	Lordomyrma	0.31
Malagidris_belti	Malagidris	0.33
Malagidris_jugum	Malagidris	0.33
Mayriella_ebbei	Mayriella	0.22
Mayriella_transfuga	Mayriella	0.22
Melissotarsus_beccarii	Melissotarsus	1
Melissotarsus_emeryi	Melissotarsus	1
Melissotarsus_insularis	Melissotarsus	1
Melissotarsus_weissi	Melissotarsus	1
Meranoplus_castaneus	Meranoplus	0.03
Meranoplus_mayri	Meranoplus	0.03
Meranoplus_radamae	Meranoplus	0.03
Metapone_madagascarica	Metapone	0.04
Myrmecina_americana	Myrmecina	0.04
Myrmecina_graminicola	Myrmecina	0.04
Myrmisaraka_brevis	Myrmisaraka	1
Myrmisaraka_producta	Myrmisaraka	1
Nesomyrmex_echinatinodis	Nesomyrmex	0.04
Nesomyrmex_madecassus	Nesomyrmex	0.04
Nesomyrmex_wilda	Nesomyrmex	0.04
Ocymyrmex_picardi	Ocymyrmex	0.03
Perissomyrmex_snyderi	Perissomyrmex	0.17
Podomyrma_silvicola	Podomyrma	0.02
Poecilomyrma_myrmecodiae	Poecilomyrma	0.5
Pristomyrmex_orbiceps	Pristomyrmex	0.03
Pristomyrmex_punctatus	Pristomyrmex	0.03
Proatta_butteli	Proatta	1
Propodilobus_pingorum	Lordomyrma	0.31
Rhopalomastix_janeti	Rhopalomastix	0.33
Rhopalomastix_rothneyi	Rhopalomastix	0.33
Romblonella_scrobifera	Romblonella	0.1
Rotastruma_recava	Rotastruma	1
Rotastruma_stenoceps	Rotastruma	1
Royidris_anxietas	Royidris	0.2
Royidris_longiseta	Royidris	0.2
Royidris_notorthotenes	Royidris	0.2
Strongylognathus_testaceus	Tetramorium_sl	0.08
Temnothorax_bernardi	Temnothorax	0.03
Temnothorax_georgicus	Temnothorax	0.03
Temnothorax_gordiagini	Temnothorax	0.03
Temnothorax_kutteri	Temnothorax	0.03
Temnothorax_mediterraneus	Temnothorax	0.03
Temnothorax_poeyi	Temnothorax	0.03
Temnothorax_ravouxi	Temnothorax	0.03
Temnothorax_recedens	Temnothorax	0.03
Temnothorax_rugatulus	Temnothorax	0.03
Temnothorax_stumperi	Temnothorax	0.03
Temnothorax_tricarinatus	Temnothorax	0.03
Temnothorax_unifasciatus	Temnothorax	0.03
Terataner_bottegoi	Terataner	0.17
Terataner_rufipes	Terataner	0.17
Tetheamyrma_subspongia	Tetheamyrma	1
Tetramorium_alperti	Tetramorium_sl	0.08
Tetramorium_ambatovy	Tetramorium_sl	0.08
Tetramorium_andrei	Tetramorium_sl	0.08
Tetramorium_anodontion	Tetramorium_sl	0.08
Tetramorium_atratulum	Tetramorium_sl	0.08
Tetramorium_bessonii	Tetramorium_sl	0.08
Tetramorium_bicarinatum	Tetramorium_sl	0.08
Tetramorium_bonibony	Tetramorium_sl	0.08
Tetramorium_caespitum	Tetramorium_sl	0.08
Tetramorium_caldarium	Tetramorium_sl	0.08
Tetramorium_cognatum	Tetramorium_sl	0.08
Tetramorium_dalek	Tetramorium_sl	0.08
Tetramorium_delagoense	Tetramorium_sl	0.08
Tetramorium_electrum	Tetramorium_sl	0.08
Tetramorium_hispidum	Tetramorium_sl	0.08
Tetramorium_hobbit	Tetramorium_sl	0.08
Tetramorium_humbloti	Tetramorium_sl	0.08
Tetramorium_ibycterum	Tetramorium_sl	0.08
Tetramorium_impurum	Tetramorium_sl	0.08
Tetramorium_kelleri	Tetramorium_sl	0.08
Tetramorium_kutteri	Tetramorium_sl	0.08
Tetramorium_lanuginosum	Tetramorium_sl	0.08
Tetramorium_mackae	Tetramorium_sl	0.08
Tetramorium_malagasy	Tetramorium_sl	0.08
Tetramorium_norvigi	Tetramorium_sl	0.08
Tetramorium_pleganon	Tetramorium_sl	0.08
Tetramorium_plesiarum	Tetramorium_sl	0.08
Tetramorium_popell	Tetramorium_sl	0.08
Tetramorium_proximum	Tetramorium_sl	0.08
Tetramorium_ranarum	Tetramorium_sl	0.08
Tetramorium_rumo	Tetramorium_sl	0.08
Tetramorium_scytalum	Tetramorium_sl	0.08
Tetramorium_sericeiventre	Tetramorium_sl	0.08
Tetramorium_severini	Tetramorium_sl	0.08
Tetramorium_sikorae	Tetramorium_sl	0.08
Tetramorium_simillimum	Tetramorium_sl	0.08
Tetramorium_spinosum	Tetramorium_sl	0.08
Tetramorium_steinheili	Tetramorium_sl	0.08
Tetramorium_taylori	Tetramorium_sl	0.08
Tetramorium_tosii	Tetramorium_sl	0.08
Tetramorium_transversinode	Tetramorium_sl	0.08
Tetramorium_validiusculum	Tetramorium_sl	0.08
Tetramorium_valky	Tetramorium_sl	0.08
Tetramorium_venator	Tetramorium_sl	0.08
Trichomyrmex_criniceps	Trichomyrmex	0.18
Trichomyrmex_destructor	Trichomyrmex	0.18
Trichomyrmex_mayri	Trichomyrmex	0.18
Trichomyrmex_robustior	Trichomyrmex	0.18
Vitsika_suspicax	Vitsika	0.07
Vollenhovia_emeryi	Vollenhovia	0.02
Vombisidris_bilongrudi	Vombisidris	0.06
Xenomyrmex_floridanus	Xenomyrmex	0.25
Manica_bradleyi	Manica	0.5
Manica_invidia	Manica	0.5
Manica_rubida	Manica	0.5
Myrmica_aimonissabaudiae	Myrmica	0.33
Myrmica_alaskensis	Myrmica	0.33
Myrmica_aloba	Myrmica	0.33
Myrmica_americana	Myrmica	0.33
Myrmica_anatolica	Myrmica	0.33
Myrmica_angulata	Myrmica	0.33
Myrmica_angulinodis	Myrmica	0.33
Myrmica_arisana	Myrmica	0.33
Myrmica_arnoldii	Myrmica	0.33
Myrmica_bergi	Myrmica	0.33
Myrmica_brevispinosa	Myrmica	0.33
Myrmica_crassirugis	Myrmica	0.33
Myrmica_discontinua	Myrmica	0.33
Myrmica_divergens	Myrmica	0.33
Myrmica_dshungarica	Myrmica	0.33
Myrmica_eidmanni	Myrmica	0.33
Myrmica_excelsa	Myrmica	0.33
Myrmica_forcipata	Myrmica	0.33
Myrmica_fracticornis	Myrmica	0.33
Myrmica_hamulata	Myrmica	0.33
Myrmica_hellenica	Myrmica	0.33
Myrmica_hirsuta	Myrmica	0.33
Myrmica_incompleta	Myrmica	0.33
Myrmica_indica	Myrmica	0.33
Myrmica_jessensis	Myrmica	0.33
Myrmica_karavajevi	Myrmica	0.33
Myrmica_kasczenkoi	Myrmica	0.33
Myrmica_kirghisorum	Myrmica	0.33
Myrmica_kotokui	Myrmica	0.33
Myrmica_latifrons	Myrmica	0.33
Myrmica_laurae	Myrmica	0.33
Myrmica_lobicornis	Myrmica	0.33
Myrmica_lobifrons	Myrmica	0.33
Myrmica_lobulicornis	Myrmica	0.33
Myrmica_luteola	Myrmica	0.33
Myrmica_monticola	Myrmica	0.33
Myrmica_nearctica	Myrmica	0.33
Myrmica_pisarskii	Myrmica	0.33
Myrmica_pulchella	Myrmica	0.33
Myrmica_punctinops	Myrmica	0.33
Myrmica_punctiventris	Myrmica	0.33
Myrmica_quebecensis	Myrmica	0.33
Myrmica_rubra	Myrmica	0.33
Myrmica_ruginodis	Myrmica	0.33
Myrmica_rugiventris	Myrmica	0.33
Myrmica_rugosa	Myrmica	0.33
Myrmica_rugulosa	Myrmica	0.33
Myrmica_rupestris	Myrmica	0.33
Myrmica_sabuleti	Myrmica	0.33
Myrmica_salina	Myrmica	0.33
Myrmica_saposhnikovi	Myrmica	0.33
Myrmica_scabrinodis	Myrmica	0.33
Myrmica_schencki	Myrmica	0.33
Myrmica_schoedli	Myrmica	0.33
Myrmica_semiparasitica	Myrmica	0.33
Myrmica_serica	Myrmica	0.33
Myrmica_siciliana	Myrmica	0.33
Myrmica_specioides	Myrmica	0.33
Myrmica_stangeana	Myrmica	0.33
Myrmica_striolagaster	Myrmica	0.33
Myrmica_sulcinodis	Myrmica	0.33
Myrmica_tahoensis	Myrmica	0.33
Myrmica_transsibirica	Myrmica	0.33
Myrmica_tulinae	Myrmica	0.33
Myrmica_vandeli	Myrmica	0.33
Myrmica_wesmaeli	Myrmica	0.33
Myrmica_wheeleri	Myrmica	0.33
Myrmica_wittmeri	Myrmica	0.33
Myrmica_xavieri	Myrmica	0.33
Myrmica_yamanei	Myrmica	0.33
Hylomyrma_balzani	Hylomyrma	0.23
Hylomyrma_blandiens	Hylomyrma	0.23
Hylomyrma_dentiloba	Hylomyrma	0.23
Patagonomyrmex_angustus	Patagonomyrmex	0.67
Patagonomyrmex_odoratus	Patagonomyrmex	0.67
Pogonomyrmex_abdominalis	Pogonomyrmex	0.62
Pogonomyrmex_andinus	Pogonomyrmex	0.62
Pogonomyrmex_anzensis	Pogonomyrmex	0.62
Pogonomyrmex_badius	Pogonomyrmex	0.62
Pogonomyrmex_barbatus	Pogonomyrmex	0.62
Pogonomyrmex_bispinosus	Pogonomyrmex	0.62
Pogonomyrmex_brevibarbis	Pogonomyrmex	0.62
Pogonomyrmex_brevispinosus	Pogonomyrmex	0.62
Pogonomyrmex_californicus	Pogonomyrmex	0.62
Pogonomyrmex_coarctatus	Pogonomyrmex	0.62
Pogonomyrmex_comanche	Pogonomyrmex	0.62
Pogonomyrmex_cunicularius	Pogonomyrmex	0.62
Pogonomyrmex_desertorum	Pogonomyrmex	0.62
Pogonomyrmex_guatemaltecus	Pogonomyrmex	0.62
Pogonomyrmex_hoelldobleri	Pogonomyrmex	0.62
Pogonomyrmex_huachucanus	Pogonomyrmex	0.62
Pogonomyrmex_humerotumidus	Pogonomyrmex	0.62
Pogonomyrmex_imberbiculus	Pogonomyrmex	0.62
Pogonomyrmex_laevinodis	Pogonomyrmex	0.62
Pogonomyrmex_laticeps	Pogonomyrmex	0.62
Pogonomyrmex_lobatus	Pogonomyrmex	0.62
Pogonomyrmex_longibarbis	Pogonomyrmex	0.62
Pogonomyrmex_magnacanthus	Pogonomyrmex	0.62
Pogonomyrmex_maricopa	Pogonomyrmex	0.62
Pogonomyrmex_mayri	Pogonomyrmex	0.62
Pogonomyrmex_mendozanus	Pogonomyrmex	0.62
Pogonomyrmex_mohavensis	Pogonomyrmex	0.62
Pogonomyrmex_naegelii	Pogonomyrmex	0.62
Pogonomyrmex_occidentalis	Pogonomyrmex	0.62
Pogonomyrmex_pima	Pogonomyrmex	0.62
Pogonomyrmex_pronotalis	Pogonomyrmex	0.62
Pogonomyrmex_rastratus	Pogonomyrmex	0.62
Pogonomyrmex_rugosus	Pogonomyrmex	0.62
Pogonomyrmex_saucius	Pogonomyrmex	0.62
Pogonomyrmex_schmitti	Pogonomyrmex	0.62
Pogonomyrmex_snellingi	Pogonomyrmex	0.62
Pogonomyrmex_striatinodus	Pogonomyrmex	0.62
Pogonomyrmex_subdentatus	Pogonomyrmex	0.62
Pogonomyrmex_subnitidus	Pogonomyrmex	0.62
Pogonomyrmex_tenuispinus	Pogonomyrmex	0.62
Pogonomyrmex_uruguayensis	Pogonomyrmex	0.62
Pogonomyrmex_vermiculatus	Pogonomyrmex	0.62
Adelomyrmex_paratristani	Solenopsis_sl	0.12
Anillomyrma_decamera	Solenopsis_sl	0.12
Austromorium_flavigaster	Solenopsis_sl	0.12
Baracidris_sitra	Solenopsis_sl	0.12
Bariamyrma_hispidula	Bariamyrma	1
Cryptomyrmex_boltoni	Solenopsis_sl	0.12
Dolopomyrmex_pilatus	Dolopomyrmex	1
Epelysidris_brocha	Solenopsis_sl	0.12
Kempfidris_inusualis	Solenopsis_sl	0.12
Megalomyrmex_foreli	Megalomyrmex	0.05
Megalomyrmex_silvestrii	Megalomyrmex	0.05
Monomorium_aithoderum	Solenopsis_sl	0.12
Monomorium_albipes	Solenopsis_sl	0.12
Monomorium_antarcticum	Solenopsis_sl	0.12
Monomorium_antipodum	Solenopsis_sl	0.12
Monomorium_bicorne	Solenopsis_sl	0.12
Monomorium_bifidum	Solenopsis_sl	0.12
Monomorium_centrale	Solenopsis_sl	0.12
Monomorium_chnodes	Solenopsis_sl	0.12
Monomorium_cyaneum	Solenopsis_sl	0.12
Monomorium_decuria	Solenopsis_sl	0.12
Monomorium_denticulatum	Solenopsis_sl	0.12
Monomorium_denticulum	Solenopsis_sl	0.12
Monomorium_emarginatum	Solenopsis_sl	0.12
Monomorium_ergatogyna	Solenopsis_sl	0.12
Monomorium_euryodon	Solenopsis_sl	0.12
Monomorium_exiguum	Solenopsis_sl	0.12
Monomorium_fastidium	Solenopsis_sl	0.12
Monomorium_fieldi	Solenopsis_sl	0.12
Monomorium_floricola	Solenopsis_sl	0.12
Monomorium_gilberti	Solenopsis_sl	0.12
Monomorium_hanneli	Solenopsis_sl	0.12
Monomorium_insolescens	Solenopsis_sl	0.12
Monomorium_junodi	Solenopsis_sl	0.12
Monomorium_kiliani	Solenopsis_sl	0.12
Monomorium_laeve	Solenopsis_sl	0.12
Monomorium_latinode	Solenopsis_sl	0.12
Monomorium_leae	Solenopsis_sl	0.12
Monomorium_legulum	Solenopsis_sl	0.12
Monomorium_lepidum	Solenopsis_sl	0.12
Monomorium_longinode	Solenopsis_sl	0.12
Monomorium_madecassum	Solenopsis_sl	0.12
Monomorium_micrommaton	Solenopsis_sl	0.12
Monomorium_pharaonis	Solenopsis_sl	0.12
Monomorium_rothsteini	Solenopsis_sl	0.12
Monomorium_rubriceps	Solenopsis_sl	0.12
Monomorium_sakalavum	Solenopsis_sl	0.12
Monomorium_sculpturatum	Solenopsis_sl	0.12
Monomorium_smithii	Solenopsis_sl	0.12
Monomorium_sordidum	Solenopsis_sl	0.12
Monomorium_stictonotum	Solenopsis_sl	0.12
Monomorium_striatifrons	Solenopsis_sl	0.12
Monomorium_subopacum	Solenopsis_sl	0.12
Monomorium_sydneyense	Solenopsis_sl	0.12
Monomorium_tambourinense	Solenopsis_sl	0.12
Monomorium_termitobium	Solenopsis_sl	0.12
Monomorium_whitei	Solenopsis_sl	0.12
Monomorium_xuthosoma	Solenopsis_sl	0.12
Myrmicaria_brunnea	Solenopsis_sl	0.12
Myrmicaria_carinata	Solenopsis_sl	0.12
Myrmicaria_exigua	Solenopsis_sl	0.12
Oxyepoecus_vezenyii	Solenopsis_sl	0.12
Rogeria_nevadensis	Rogeria_nevadensis	0.05
Rogeria_stigmatica	Rogeria_stigmatica	0.05
Solenopsis_aurea	Solenopsis_sl	0.12
Solenopsis_carolinensis	Solenopsis_sl	0.12
Solenopsis_fugax	Solenopsis_sl	0.12
Solenopsis_geminata	Solenopsis_sl	0.12
Solenopsis_globularia	Solenopsis_sl	0.12
Solenopsis_gnoma	Solenopsis_sl	0.12
Solenopsis_invicta	Solenopsis_sl	0.12
Solenopsis_mameti	Solenopsis_sl	0.12
Solenopsis_molesta	Solenopsis_sl	0.12
Solenopsis_papuana	Solenopsis_sl	0.12
Solenopsis_saudiensis	Solenopsis_sl	0.12
Solenopsis_succinea	Solenopsis_sl	0.12
Solenopsis_terricola	Solenopsis_sl	0.12
Solenopsis_xyloni	Solenopsis_sl	0.12
Stegomyrmex_manni	Stegomyrmex	0.2
Syllophopsis_ferodens	Solenopsis_sl	0.12
Syllophopsis_fisheri	Solenopsis_sl	0.12
Syllophopsis_hildebrandti	Solenopsis_sl	0.12
Syllophopsis_sechellensis	Solenopsis_sl	0.12
Tropidomyrmex_elianae	Solenopsis_sl	0.12
Tyrannomyrmex_legatus	Solenopsis_sl	0.12
Tyrannomyrmex_rex	Solenopsis_sl	0.12
Aphaenogaster_araneoides	Aphaenogaster_sl	0.11
Aphaenogaster_ashmeadi	Aphaenogaster_sl	0.11
Aphaenogaster_balcanica	Aphaenogaster_sl	0.11
Aphaenogaster_boulderensis	Aphaenogaster_sl	0.11
Aphaenogaster_carolinensis	Aphaenogaster_sl	0.11
Aphaenogaster_flemingi	Aphaenogaster_sl	0.11
Aphaenogaster_floridana	Aphaenogaster_sl	0.11
Aphaenogaster_fulva	Aphaenogaster_sl	0.11
Aphaenogaster_huachucana	Aphaenogaster_sl	0.11
Aphaenogaster_japonica	Aphaenogaster_sl	0.11
Aphaenogaster_lamellidens	Aphaenogaster_sl	0.11
Aphaenogaster_mariae	Aphaenogaster_sl	0.11
Aphaenogaster_megommata	Aphaenogaster_sl	0.11
Aphaenogaster_miamiana	Aphaenogaster_sl	0.11
Aphaenogaster_mutica	Aphaenogaster_sl	0.11
Aphaenogaster_occidentalis	Aphaenogaster_sl	0.11
Aphaenogaster_patruelis	Aphaenogaster_sl	0.11
Aphaenogaster_picea	Aphaenogaster_sl	0.11
Aphaenogaster_pythia	Aphaenogaster_sl	0.11
Aphaenogaster_rudis	Aphaenogaster_sl	0.11
Aphaenogaster_senilis	Aphaenogaster_sl	0.11
Aphaenogaster_swammerdami	Aphaenogaster_sl	0.11
Aphaenogaster_tennesseensis	Aphaenogaster_sl	0.11
Aphaenogaster_texana	Aphaenogaster_sl	0.11
Aphaenogaster_treatae	Aphaenogaster_sl	0.11
Aphaenogaster_uinta	Aphaenogaster_sl	0.11
Aphaenogaster_umphreyi	Aphaenogaster_sl	0.11
Goniomma_blanci	Aphaenogaster_sl	0.11
Goniomma_hispanicum	Aphaenogaster_sl	0.11
Messor_bouvieri	Aphaenogaster_sl	0.11
Messor_capitatus	Aphaenogaster_sl	0.11
Messor_denticornis	Aphaenogaster_sl	0.11
Messor_minor	Aphaenogaster_sl	0.11
Messor_wasmanni	Aphaenogaster_sl	0.11
Novomessor_albisetosus	Novomessor	1
Novomessor_cockerelli	Novomessor	1
Novomessor_ensifer	Novomessor	1
Oxyopomyrmex_insularis	Aphaenogaster_sl	0.11
Oxyopomyrmex_saulcyi	Aphaenogaster_sl	0.11
Stenamma_alas	Stenamma	0.34
Stenamma_brevicorne	Stenamma	0.34
Stenamma_californicum	Stenamma	0.34
Stenamma_chiricahua	Stenamma	0.34
Stenamma_debile	Stenamma	0.34
Stenamma_diecki	Stenamma	0.34
Stenamma_diversum	Stenamma	0.34
Stenamma_dyscheres	Stenamma	0.34
Stenamma_exasperatum	Stenamma	0.34
Stenamma_expolitum	Stenamma	0.34
Stenamma_felixi	Stenamma	0.34
Stenamma_foveolocephalum	Stenamma	0.34
Stenamma_gurkhale	Stenamma	0.34
Stenamma_heathi	Stenamma	0.34
Stenamma_huachucanum	Stenamma	0.34
Stenamma_impar	Stenamma	0.34
Stenamma_kashmirense	Stenamma	0.34
Stenamma_manni	Stenamma	0.34
Stenamma_meridionale	Stenamma	0.34
Stenamma_nipponense	Stenamma	0.34
Stenamma_punctatoventre	Stenamma	0.34
Stenamma_sardoum	Stenamma	0.34
Stenamma_schmidti	Stenamma	0.34
Stenamma_schmittii	Stenamma	0.34
Stenamma_sequoiarum	Stenamma	0.34
Stenamma_smithi	Stenamma	0.34
Stenamma_snellingi	Stenamma	0.34
Stenamma_striatulum	Stenamma	0.34
Stenamma_wheelerorum	Stenamma	0.34
Veromessor_andrei	Veromessor	0.33
Veromessor_julianus	Veromessor	0.33
Veromessor_pergandei	Veromessor	0.33
Paraponera_clavata	Paraponera	1
Platythyrea_angusta	Platythyrea	0.34
Platythyrea_arthuri	Platythyrea	0.34
Platythyrea_bicuspis	Platythyrea	0.34
Platythyrea_conradti	Platythyrea	0.34
Platythyrea_lamellosa	Platythyrea	0.34
Platythyrea_mocquerysi	Platythyrea	0.34
Platythyrea_parallela	Platythyrea	0.34
Platythyrea_pilosula	Platythyrea	0.34
Platythyrea_prizo	Platythyrea	0.34
Platythyrea_punctata	Platythyrea	0.34
Platythyrea_quadridenta	Platythyrea	0.34
Platythyrea_strenua	Platythyrea	0.34
Platythyrea_turneri	Platythyrea	0.34
Anochetus_africanus	Anochetus	0.12
Anochetus_boltoni	Anochetus	0.12
Anochetus_emarginatus	Anochetus	0.12
Anochetus_ghilianii	Anochetus	0.12
Anochetus_goodmani	Anochetus	0.12
Anochetus_grandidieri	Anochetus	0.12
Anochetus_katonae	Anochetus	0.12
Anochetus_levaillanti	Anochetus	0.12
Anochetus_madagascarensis	Anochetus	0.12
Anochetus_mayri	Anochetus	0.12
Anochetus_pattersoni	Anochetus	0.12
Anochetus_princeps	Anochetus	0.12
Anochetus_pubescens	Anochetus	0.12
Austroponera_castanea	Austroponera	0.33
Bothroponera_berthoudi	Bothroponera	0.15
Bothroponera_cambouei	Bothroponera	0.15
Bothroponera_comorensis	Bothroponera	0.15
Bothroponera_perroti	Bothroponera	0.15
Bothroponera_vazimba	Bothroponera	0.15
Bothroponera_wasmannii	Bothroponera	0.15
Brachyponera_atrata	Brachyponera	0.16
Brachyponera_chinensis	Brachyponera	0.16
Brachyponera_sennaarensis	Brachyponera	0.16
Buniapone_amblyops	Buniapone	1
Centromyrmex_brachycola	Centromyrmex	0.27
Centromyrmex_feae	Centromyrmex	0.27
Centromyrmex_hamulatus	Centromyrmex	0.27
Centromyrmex_sellaris	Centromyrmex	0.27
Cryptopone_gilva	Cryptopone	0.08
Cryptopone_sauteri	Cryptopone	0.08
Diacamma_rugosum	Diacamma	0.03
Dinoponera_australis	Dinoponera	0.25
Dinoponera_gigantea	Dinoponera	0.25
Ectomomyrmex_javanus	Ectomomyrmex	0.04
Emeryopone_buttelreepeni	Emeryopone	0.2
Euponera_antsiraka	Euponera	0.11
Euponera_brunoi	Euponera	0.11
Euponera_sikorae	Euponera	0.11
Hagensia_havilandi	Hagensia	0.5
Harpegnathos_saltator	Harpegnathos	0.22
Harpegnathos_venator	Harpegnathos	0.22
Hypoponera_indigens	Hypoponera	0.05
Hypoponera_inexorata	Hypoponera	0.05
Hypoponera_johannae	Hypoponera	0.05
Hypoponera_ludovicae	Hypoponera	0.05
Hypoponera_opacior	Hypoponera	0.05
Hypoponera_parva	Hypoponera	0.05
Hypoponera_punctatissima	Hypoponera	0.05
Hypoponera_sakalava	Hypoponera	0.05
Leptogenys_acutirostris	Leptogenys	0.07
Leptogenys_angusta	Leptogenys	0.07
Leptogenys_antongilensis	Leptogenys	0.07
Leptogenys_attenuata	Leptogenys	0.07
Leptogenys_borivava	Leptogenys	0.07
Leptogenys_chinensis	Leptogenys	0.07
Leptogenys_coerulescens	Leptogenys	0.07
Leptogenys_crassicornis	Leptogenys	0.07
Leptogenys_diminuta	Leptogenys	0.07
Leptogenys_falcigera	Leptogenys	0.07
Leptogenys_intermedia	Leptogenys	0.07
Leptogenys_iridescens	Leptogenys	0.07
Leptogenys_lavavava	Leptogenys	0.07
Leptogenys_malama	Leptogenys	0.07
Leptogenys_maxillosa	Leptogenys	0.07
Leptogenys_occidentalis	Leptogenys	0.07
Leptogenys_oswaldi	Leptogenys	0.07
Leptogenys_pavesii	Leptogenys	0.07
Leptogenys_sulcinoda	Leptogenys	0.07
Leptogenys_toeraniva	Leptogenys	0.07
Leptogenys_truncatirostris	Leptogenys	0.07
Leptogenys_voeltzkowi	Leptogenys	0.07
Loboponera_politula	Loboponera	0.11
Mayaponera_constricta	Mayaponera	1
Megaponera_analis	Megaponera	1
Mesoponera_ambigua	Streblognathus_sl	0.23
Mesoponera_ingesta	Streblognathus_sl	0.23
Mesoponera_rubra	Streblognathus_sl	0.23
Mesoponera_senegalensis	Streblognathus_sl	0.23
Myopias_lobosa	Myopias	0.05
Myopias_tenuis	Myopias	0.05
Neoponera_aenescens	Neoponera	0.14
Neoponera_apicalis	Neoponera	0.14
Neoponera_carinulata	Neoponera	0.14
Neoponera_commutata	Neoponera	0.14
Neoponera_fauveli	Neoponera	0.14
Neoponera_marginata	Neoponera	0.14
Neoponera_unidentata	Neoponera	0.14
Neoponera_villosa	Neoponera	0.14
Odontomachus_assiniensis	Odontomachus	0.28
Odontomachus_bauri	Odontomachus	0.28
Odontomachus_brunneus	Odontomachus	0.28
Odontomachus_cephalotes	Odontomachus	0.28
Odontomachus_chelifer	Odontomachus	0.28
Odontomachus_clarus	Odontomachus	0.28
Odontomachus_coquereli	Odontomachus	0.28
Odontomachus_erythrocephalus	Odontomachus	0.28
Odontomachus_haematodus	Odontomachus	0.28
Odontomachus_hastatus	Odontomachus	0.28
Odontomachus_laticeps	Odontomachus	0.28
Odontomachus_meinerti	Odontomachus	0.28
Odontomachus_opaciventris	Odontomachus	0.28
Odontomachus_pararixosus	Odontomachus	0.28
Odontomachus_relictus	Odontomachus	0.28
Odontomachus_rixosus	Odontomachus	0.28
Odontomachus_ruficeps	Odontomachus	0.28
Odontomachus_ruginodis	Odontomachus	0.28
Odontomachus_simillimus	Odontomachus	0.28
Odontomachus_troglodytes	Odontomachus	0.28
Odontoponera_transversa	Odontoponera	0.5
Ophthalmopone_berthoudi	Ophthalmopone	0.2
Pachycondyla_crassinoda	Pachycondyla	0.18
Pachycondyla_harpax	Pachycondyla	0.18
Pachycondyla_impressa	Pachycondyla	0.18
Paltothyreus_tarsatus	Paltothyreus	1
Phrynoponera_gabonensis	Phrynoponera	0.2
Plectroctena_mandibularis	Plectroctena	0.19
Plectroctena_minor	Plectroctena	0.19
Plectroctena_ugandensis	Plectroctena	0.19
Ponera_exotica	Ponera	0.05
Ponera_pennsylvanica	Ponera	0.05
Ponera_swezeyi	Ponera	0.05
Psalidomyrmex_procerus	Psalidomyrmex	0.17
Pseudoneoponera_rufipes	Pseudoneoponera	0.06
Pseudoponera_stigma	Pseudoponera	0.17
Streblognathus_peetersi	Streblognathus_sl	0.23
Thaumatomyrmex_atrox	Thaumatomyrmex	0.08
Probolomyrmex_tani	Probolomyrmex	0.04
Discothyrea_testacea	Discothyrea	0.03
Proceratium_stictum	Proceratium	0.01
Myrcidris_epicharis	Myrcidris	1
Pseudomyrmex_acanthobius	Pseudomyrmex	0.73
Pseudomyrmex_apache	Pseudomyrmex	0.73
Pseudomyrmex_atripes	Pseudomyrmex	0.73
Pseudomyrmex_beccarii	Pseudomyrmex	0.73
Pseudomyrmex_boopis	Pseudomyrmex	0.73
Pseudomyrmex_caeciliae	Pseudomyrmex	0.73
Pseudomyrmex_championi	Pseudomyrmex	0.73
Pseudomyrmex_concolor	Pseudomyrmex	0.73
Pseudomyrmex_cretus	Pseudomyrmex	0.73
Pseudomyrmex_crudelis	Pseudomyrmex	0.73
Pseudomyrmex_cubaensis	Pseudomyrmex	0.73
Pseudomyrmex_curacaensis	Pseudomyrmex	0.73
Pseudomyrmex_dendroicus	Pseudomyrmex	0.73
Pseudomyrmex_denticollis	Pseudomyrmex	0.73
Pseudomyrmex_depressus	Pseudomyrmex	0.73
Pseudomyrmex_duckei	Pseudomyrmex	0.73
Pseudomyrmex_eculeus	Pseudomyrmex	0.73
Pseudomyrmex_eduardi	Pseudomyrmex	0.73
Pseudomyrmex_ejectus	Pseudomyrmex	0.73
Pseudomyrmex_elongatulus	Pseudomyrmex	0.73
Pseudomyrmex_elongatus	Pseudomyrmex	0.73
Pseudomyrmex_ethicus	Pseudomyrmex	0.73
Pseudomyrmex_euryblemma	Pseudomyrmex	0.73
Pseudomyrmex_faber	Pseudomyrmex	0.73
Pseudomyrmex_ferox	Pseudomyrmex	0.73
Pseudomyrmex_ferrugineus	Pseudomyrmex	0.73
Pseudomyrmex_fervidus	Pseudomyrmex	0.73
Pseudomyrmex_filiformis	Pseudomyrmex	0.73
Pseudomyrmex_flavicornis	Pseudomyrmex	0.73
Pseudomyrmex_flavidulus	Pseudomyrmex	0.73
Pseudomyrmex_fortis	Pseudomyrmex	0.73
Pseudomyrmex_gebellii	Pseudomyrmex	0.73
Pseudomyrmex_godmani	Pseudomyrmex	0.73
Pseudomyrmex_goeldii	Pseudomyrmex	0.73
Pseudomyrmex_gracilis	Pseudomyrmex	0.73
Pseudomyrmex_haytianus	Pseudomyrmex	0.73
Pseudomyrmex_holmgreni	Pseudomyrmex	0.73
Pseudomyrmex_hospitalis	Pseudomyrmex	0.73
Pseudomyrmex_inquilinus	Pseudomyrmex	0.73
Pseudomyrmex_insuavis	Pseudomyrmex	0.73
Pseudomyrmex_ita	Pseudomyrmex	0.73
Pseudomyrmex_janzeni	Pseudomyrmex	0.73
Pseudomyrmex_kuenckeli	Pseudomyrmex	0.73
Pseudomyrmex_laevifrons	Pseudomyrmex	0.73
Pseudomyrmex_laevigatus	Pseudomyrmex	0.73
Pseudomyrmex_laevivertex	Pseudomyrmex	0.73
Pseudomyrmex_lisus	Pseudomyrmex	0.73
Pseudomyrmex_lizeri	Pseudomyrmex	0.73
Pseudomyrmex_longus	Pseudomyrmex	0.73
Pseudomyrmex_lynceus	Pseudomyrmex	0.73
Pseudomyrmex_maculatus	Pseudomyrmex	0.73
Pseudomyrmex_major	Pseudomyrmex	0.73
Pseudomyrmex_malignus	Pseudomyrmex	0.73
Pseudomyrmex_mixtecus	Pseudomyrmex	0.73
Pseudomyrmex_mordax	Pseudomyrmex	0.73
Pseudomyrmex_niger	Pseudomyrmex	0.73
Pseudomyrmex_nigrocinctus	Pseudomyrmex	0.73
Pseudomyrmex_nigropilosus	Pseudomyrmex	0.73
Pseudomyrmex_oculatus	Pseudomyrmex	0.73
Pseudomyrmex_oki	Pseudomyrmex	0.73
Pseudomyrmex_opaciceps	Pseudomyrmex	0.73
Pseudomyrmex_osurus	Pseudomyrmex	0.73
Pseudomyrmex_pallens	Pseudomyrmex	0.73
Pseudomyrmex_pallidus	Pseudomyrmex	0.73
Pseudomyrmex_particeps	Pseudomyrmex	0.73
Pseudomyrmex_pazosi	Pseudomyrmex	0.73
Pseudomyrmex_penetrator	Pseudomyrmex	0.73
Pseudomyrmex_peperi	Pseudomyrmex	0.73
Pseudomyrmex_perboscii	Pseudomyrmex	0.73
Pseudomyrmex_phyllophilus	Pseudomyrmex	0.73
Pseudomyrmex_pupa	Pseudomyrmex	0.73
Pseudomyrmex_rubiginosus	Pseudomyrmex	0.73
Pseudomyrmex_rufiventris	Pseudomyrmex	0.73
Pseudomyrmex_rufomedius	Pseudomyrmex	0.73
Pseudomyrmex_salvini	Pseudomyrmex	0.73
Pseudomyrmex_santschii	Pseudomyrmex	0.73
Pseudomyrmex_satanicus	Pseudomyrmex	0.73
Pseudomyrmex_schuppi	Pseudomyrmex	0.73
Pseudomyrmex_seminole	Pseudomyrmex	0.73
Pseudomyrmex_sericeus	Pseudomyrmex	0.73
Pseudomyrmex_simplex	Pseudomyrmex	0.73
Pseudomyrmex_spiculus	Pseudomyrmex	0.73
Pseudomyrmex_spinicola	Pseudomyrmex	0.73
Pseudomyrmex_subater	Pseudomyrmex	0.73
Pseudomyrmex_tachigaliae	Pseudomyrmex	0.73
Pseudomyrmex_tenuis	Pseudomyrmex	0.73
Pseudomyrmex_tenuissimus	Pseudomyrmex	0.73
Pseudomyrmex_termitarius	Pseudomyrmex	0.73
Pseudomyrmex_triplaridis	Pseudomyrmex	0.73
Pseudomyrmex_triplarinus	Pseudomyrmex	0.73
Pseudomyrmex_ultrix	Pseudomyrmex	0.73
Pseudomyrmex_unicolor	Pseudomyrmex	0.73
Pseudomyrmex_urbanus	Pseudomyrmex	0.73
Pseudomyrmex_veneficus	Pseudomyrmex	0.73
Pseudomyrmex_venustus	Pseudomyrmex	0.73
Pseudomyrmex_viduus	Pseudomyrmex	0.73
Tetraponera_aethiops	Tetraponera	0.52
Tetraponera_allaborans	Tetraponera	0.52
Tetraponera_ambigua	Tetraponera	0.52
Tetraponera_andrei	Tetraponera	0.52
Tetraponera_anthracina	Tetraponera	0.52
Tetraponera_attenuata	Tetraponera	0.52
Tetraponera_binghami	Tetraponera	0.52
Tetraponera_caffra	Tetraponera	0.52
Tetraponera_clypeata	Tetraponera	0.52
Tetraponera_difficilis	Tetraponera	0.52
Tetraponera_emeryi	Tetraponera	0.52
Tetraponera_extenuata	Tetraponera	0.52
Tetraponera_fictrix	Tetraponera	0.52
Tetraponera_grandidieri	Tetraponera	0.52
Tetraponera_hespera	Tetraponera	0.52
Tetraponera_hirsuta	Tetraponera	0.52
Tetraponera_hysterica	Tetraponera	0.52
Tetraponera_inermis	Tetraponera	0.52
Tetraponera_laeviceps	Tetraponera	0.52
Tetraponera_latifrons	Tetraponera	0.52
Tetraponera_manangotra	Tetraponera	0.52
Tetraponera_mandibularis	Tetraponera	0.52
Tetraponera_merita	Tetraponera	0.52
Tetraponera_microcarpa	Tetraponera	0.52
Tetraponera_mimula	Tetraponera	0.52
Tetraponera_mocquerysi	Tetraponera	0.52
Tetraponera_modesta	Tetraponera	0.52
Tetraponera_morondaviensis	Tetraponera	0.52
Tetraponera_natalensis	Tetraponera	0.52
Tetraponera_nigra	Tetraponera	0.52
Tetraponera_nitida	Tetraponera	0.52
Tetraponera_ophthalmica	Tetraponera	0.52
Tetraponera_parops	Tetraponera	0.52
Tetraponera_penzigi	Tetraponera	0.52
Tetraponera_perlonga	Tetraponera	0.52
Tetraponera_phragmotica	Tetraponera	0.52
Tetraponera_pilosa	Tetraponera	0.52
Tetraponera_polita	Tetraponera	0.52
Tetraponera_punctulata	Tetraponera	0.52
Tetraponera_rakotonis	Tetraponera	0.52
Tetraponera_rotula	Tetraponera	0.52
Tetraponera_rufonigra	Tetraponera	0.52
Tetraponera_sahlbergii	Tetraponera	0.52
Tetraponera_schulthessi	Tetraponera	0.52
Tetraponera_tessmanni	Tetraponera	0.52
Tetraponera_tucurua	Tetraponera	0.52
Tetraponera_variegata	Tetraponera	0.52
